create table t1 (
id int AUTO_INCREMENT PRIMARY KEY,
dt datetime
) engine=innodb;
INSERT INTO t1 VALUES (1, '2021-05-05');
FLUSH TABLES t1 FOR EXPORT;
UNLOCK TABLES;
DROP TABLE t1;
ALTER TABLE t2 IMPORT TABLESPACE;
SELECT * FROM t2;
id	dt
1	2021-05-05 00:00:00
CHECK TABLE t2;
Table	Op	Msg_type	Msg_text
test.t2	check	status	OK
DROP TABLE t2;
create table t1 (
id int AUTO_INCREMENT PRIMARY KEY,
txt text,
id2 int unique
) engine=innodb;
INSERT INTO t1 VALUES (1, '2021-05-05', 1);
FLUSH TABLES t1 FOR EXPORT;
UNLOCK TABLES;
DROP TABLE t1;
ALTER TABLE t2 IMPORT TABLESPACE;
SELECT * FROM t2;
id	txt	id2
1	2021-05-05	1
CHECK TABLE t2;
Table	Op	Msg_type	Msg_text
test.t2	check	status	OK
DROP TABLE t2;
